PARTIDO_ID,FECHA_MX,HORA_INICIO_MX,PARTIDO,SEDE,JUEGA_MEXICO,SEDE_EN_MEXICO,FUENTE_PARTIDO
"1","2026-06-11","13:00","Mexico vs South Africa","Mexico City Stadium (Mexico City)","SI","SI","https://www.fifa.com/en/match-centre/match/17/285023/289273/400021443"
"2","2026-06-11","20:00","Korea Republic vs Czechia","Guadalajara Stadium (Guadalajara)","NO","SI","https://www.fifa.com/en/match-centre/match/17/285023/289273/400021441"
"3","2026-06-12","13:00","Canada vs Bosnia and Herzegovina","Toronto Stadium (Toronto)","NO","NO","https://www.fifa.com/en/match-centre/match/17/285023/289273/400021449"
"4","2026-06-12","19:00","USA vs Paraguay","Los Angeles Stadium (Los Angeles)","NO","NO","https://www.fifa.com/en/match-centre/match/17/285023/289273/400021458"
"5","2026-06-13","19:00","Haiti vs Scotland","Boston Stadium (Boston)","NO","NO","https://www.fifa.com/en/match-centre/match/17/285023/289273/400021453"
"6","2026-06-13","22:00","Australia vs Türkiye","BC Place Vancouver (Vancouver)","NO","NO","https://www.fifa.com/en/match-centre/match/17/285023/289273/400021463"
"7","2026-06-13","16:00","Brazil vs Morocco","New York/New Jersey Stadium (New Jersey)","NO","NO","https://www.fifa.com/en/match-centre/match/17/285023/289273/400021456"
"8","2026-06-13","13:00","Qatar vs Switzerland","San Francisco Bay Area Stadium (San Francisco Bay Area)","NO","NO","https://www.fifa.com/en/match-centre/match/17/285023/289273/400021447"
"9","2026-06-14","17:00","Côte d'Ivoire vs Ecuador","Philadelphia Stadium (Philadelphia)","NO","NO","https://www.fifa.com/en/match-centre/match/17/285023/289273/400021467"
"10","2026-06-14","11:00","Germany vs Curaçao","Houston Stadium (Houston)","NO","NO","https://www.fifa.com/en/match-centre/match/17/285023/289273/400021464"
"11","2026-06-14","14:00","Netherlands vs Japan","Dallas Stadium (Dallas)","NO","NO","https://www.fifa.com/en/match-centre/match/17/285023/289273/400021470"
"12","2026-06-14","20:00","Sweden vs Tunisia","Monterrey Stadium (Monterrey)","NO","SI","https://www.fifa.com/en/match-centre/match/17/285023/289273/400021474"
"13","2026-06-15","16:00","Saudi Arabia vs Uruguay","Miami Stadium (Miami)","NO","NO","https://www.fifa.com/en/match-centre/match/17/285023/289273/400021486"
"14","2026-06-15","10:00","Spain vs Cabo Verde","Atlanta Stadium (Atlanta)","NO","NO","https://www.fifa.com/en/match-centre/match/17/285023/289273/400021482"
"15","2026-06-15","19:00","IR Iran vs New Zealand","Los Angeles Stadium (Los Angeles)","NO","NO","https://www.fifa.com/en/match-centre/match/17/285023/289273/400021476"
"16","2026-06-15","13:00","Belgium vs Egypt","Seattle Stadium (Seattle)","NO","NO","https://www.fifa.com/en/match-centre/match/17/285023/289273/400021478"
"17","2026-06-16","13:00","France vs Senegal","New York/New Jersey Stadium (New Jersey)","NO","NO","https://www.fifa.com/en/match-centre/match/17/285023/289273/400021490"
"18","2026-06-16","16:00","Iraq vs Norway","Boston Stadium (Boston)","NO","NO","https://www.fifa.com/en/match-centre/match/17/285023/289273/400021488"
"19","2026-06-16","19:00","Argentina vs Algeria","Kansas City Stadium (Kansas City)","NO","NO","https://www.fifa.com/en/match-centre/match/17/285023/289273/400021496"
"20","2026-06-16","22:00","Austria vs Jordan","San Francisco Bay Area Stadium (San Francisco Bay Area)","NO","NO","https://www.fifa.com/en/match-centre/match/17/285023/289273/400021498"
"21","2026-06-17","17:00","Ghana vs Panama","Toronto Stadium (Toronto)","NO","NO","https://www.fifa.com/en/match-centre/match/17/285023/289273/400021510"
"22","2026-06-17","14:00","England vs Croatia","Dallas Stadium (Dallas)","NO","NO","https://www.fifa.com/en/match-centre/match/17/285023/289273/400021507"
"23","2026-06-17","11:00","Portugal vs Congo DR","Houston Stadium (Houston)","NO","NO","https://www.fifa.com/en/match-centre/match/17/285023/289273/400021502"
"24","2026-06-17","20:00","Uzbekistan vs Colombia","Mexico City Stadium (Mexico City)","NO","SI","https://www.fifa.com/en/match-centre/match/17/285023/289273/400021504"
"25","2026-06-18","10:00","Czechia vs South Africa","Atlanta Stadium (Atlanta)","NO","NO","https://www.fifa.com/en/match-centre/match/17/285023/289273/400021440"
"26","2026-06-18","13:00","Switzerland vs Bosnia and Herzegovina","Los Angeles Stadium (Los Angeles)","NO","NO","https://www.fifa.com/en/match-centre/match/17/285023/289273/400021446"
"27","2026-06-18","16:00","Canada vs Qatar","BC Place Vancouver (Vancouver)","NO","NO","https://www.fifa.com/en/match-centre/match/17/285023/289273/400021450"
"28","2026-06-18","19:00","Mexico vs Korea Republic","Guadalajara Stadium (Guadalajara)","SI","SI","https://www.fifa.com/en/match-centre/match/17/285023/289273/400021442"
"29","2026-06-19","18:30","Brazil vs Haiti","Philadelphia Stadium (Philadelphia)","NO","NO","https://www.fifa.com/en/match-centre/match/17/285023/289273/400021457"
"30","2026-06-19","16:00","Scotland vs Morocco","Boston Stadium (Boston)","NO","NO","https://www.fifa.com/en/match-centre/match/17/285023/289273/400021454"
"31","2026-06-19","21:00","Türkiye vs Paraguay","San Francisco Bay Area Stadium (San Francisco Bay Area)","NO","NO","https://www.fifa.com/en/match-centre/match/17/285023/289273/400021460"
"32","2026-06-19","13:00","USA vs Australia","Seattle Stadium (Seattle)","NO","NO","https://www.fifa.com/en/match-centre/match/17/285023/289273/400021462"
"33","2026-06-20","14:00","Germany vs Côte d'Ivoire","Toronto Stadium (Toronto)","NO","NO","https://www.fifa.com/en/match-centre/match/17/285023/289273/400021469"
"34","2026-06-20","18:00","Ecuador vs Curaçao","Kansas City Stadium (Kansas City)","NO","NO","https://www.fifa.com/en/match-centre/match/17/285023/289273/400021465"
"35","2026-06-20","11:00","Netherlands vs Sweden","Houston Stadium (Houston)","NO","NO","https://www.fifa.com/en/match-centre/match/17/285023/289273/400021472"
"36","2026-06-20","22:00","Tunisia vs Japan","Monterrey Stadium (Monterrey)","NO","SI","https://www.fifa.com/en/match-centre/match/17/285023/289273/400021475"
"37","2026-06-21","16:00","Uruguay vs Cabo Verde","Miami Stadium (Miami)","NO","NO","https://www.fifa.com/en/match-centre/match/17/285023/289273/400021487"
"38","2026-06-21","10:00","Spain vs Saudi Arabia","Atlanta Stadium (Atlanta)","NO","NO","https://www.fifa.com/en/match-centre/match/17/285023/289273/400021483"
"39","2026-06-21","13:00","Belgium vs IR Iran","Los Angeles Stadium (Los Angeles)","NO","NO","https://www.fifa.com/en/match-centre/match/17/285023/289273/400021477"
"40","2026-06-21","19:00","New Zealand vs Egypt","BC Place Vancouver (Vancouver)","NO","NO","https://www.fifa.com/en/match-centre/match/17/285023/289273/400021480"
"41","2026-06-22","18:00","Norway vs Senegal","New York/New Jersey Stadium (New Jersey)","NO","NO","https://www.fifa.com/en/match-centre/match/17/285023/289273/400021491"
"42","2026-06-22","15:00","France vs Iraq","Philadelphia Stadium (Philadelphia)","NO","NO","https://www.fifa.com/en/match-centre/match/17/285023/289273/400021492"
"43","2026-06-22","11:00","Argentina vs Austria","Dallas Stadium (Dallas)","NO","NO","https://www.fifa.com/en/match-centre/match/17/285023/289273/400021494"
"44","2026-06-22","21:00","Jordan vs Algeria","San Francisco Bay Area Stadium (San Francisco Bay Area)","NO","NO","https://www.fifa.com/en/match-centre/match/17/285023/289273/400021499"
"45","2026-06-23","14:00","England vs Ghana","Boston Stadium (Boston)","NO","NO","https://www.fifa.com/en/match-centre/match/17/285023/289273/400021506"
"46","2026-06-23","17:00","Panama vs Croatia","Toronto Stadium (Toronto)","NO","NO","https://www.fifa.com/en/match-centre/match/17/285023/289273/400021511"
"47","2026-06-23","11:00","Portugal vs Uzbekistan","Houston Stadium (Houston)","NO","NO","https://www.fifa.com/en/match-centre/match/17/285023/289273/400021503"
"48","2026-06-23","20:00","Colombia vs Congo DR","Guadalajara Stadium (Guadalajara)","NO","SI","https://www.fifa.com/en/match-centre/match/17/285023/289273/400021501"
"49","2026-06-24","16:00","Scotland vs Brazil","Miami Stadium (Miami)","NO","NO","https://www.fifa.com/en/match-centre/match/17/285023/289273/400021455"
"50","2026-06-24","16:00","Morocco vs Haiti","Atlanta Stadium (Atlanta)","NO","NO","https://www.fifa.com/en/match-centre/match/17/285023/289273/400021452"
"51","2026-06-24","13:00","Switzerland vs Canada","BC Place Vancouver (Vancouver)","NO","NO","https://www.fifa.com/en/match-centre/match/17/285023/289273/400021451"
"52","2026-06-24","13:00","Bosnia and Herzegovina vs Qatar","Seattle Stadium (Seattle)","NO","NO","https://www.fifa.com/en/match-centre/match/17/285023/289273/400021448"
"53","2026-06-24","19:00","Czechia vs Mexico","Mexico City Stadium (Mexico City)","SI","SI","https://www.fifa.com/en/match-centre/match/17/285023/289273/400021444"
"54","2026-06-24","19:00","South Africa vs Korea Republic","Monterrey Stadium (Monterrey)","NO","SI","https://www.fifa.com/en/match-centre/match/17/285023/289273/400021445"
"55","2026-06-25","14:00","Curaçao vs Côte d'Ivoire","Philadelphia Stadium (Philadelphia)","NO","NO","https://www.fifa.com/en/match-centre/match/17/285023/289273/400021468"
"56","2026-06-25","14:00","Ecuador vs Germany","New York/New Jersey Stadium (New Jersey)","NO","NO","https://www.fifa.com/en/match-centre/match/17/285023/289273/400021466"
"57","2026-06-25","17:00","Japan vs Sweden","Dallas Stadium (Dallas)","NO","NO","https://www.fifa.com/en/match-centre/match/17/285023/289273/400021471"
"58","2026-06-25","17:00","Tunisia vs Netherlands","Kansas City Stadium (Kansas City)","NO","NO","https://www.fifa.com/en/match-centre/match/17/285023/289273/400021473"
"59","2026-06-25","20:00","Türkiye vs USA","Los Angeles Stadium (Los Angeles)","NO","NO","https://www.fifa.com/en/match-centre/match/17/285023/289273/400021459"
"60","2026-06-25","20:00","Paraguay vs Australia","San Francisco Bay Area Stadium (San Francisco Bay Area)","NO","NO","https://www.fifa.com/en/match-centre/match/17/285023/289273/400021461"
"61","2026-06-26","13:00","Norway vs France","Boston Stadium (Boston)","NO","NO","https://www.fifa.com/en/match-centre/match/17/285023/289273/400021489"
"62","2026-06-26","13:00","Senegal vs Iraq","Toronto Stadium (Toronto)","NO","NO","https://www.fifa.com/en/match-centre/match/17/285023/289273/400021493"
"63","2026-06-26","21:00","Egypt vs IR Iran","Seattle Stadium (Seattle)","NO","NO","https://www.fifa.com/en/match-centre/match/17/285023/289273/400021479"
"64","2026-06-26","21:00","New Zealand vs Belgium","BC Place Vancouver (Vancouver)","NO","NO","https://www.fifa.com/en/match-centre/match/17/285023/289273/400021481"
"65","2026-06-26","18:00","Cabo Verde vs Saudi Arabia","Houston Stadium (Houston)","NO","NO","https://www.fifa.com/en/match-centre/match/17/285023/289273/400021485"
"66","2026-06-26","18:00","Uruguay vs Spain","Guadalajara Stadium (Guadalajara)","NO","SI","https://www.fifa.com/en/match-centre/match/17/285023/289273/400021484"
"67","2026-06-27","15:00","Panama vs England","New York/New Jersey Stadium (New Jersey)","NO","NO","https://www.fifa.com/en/match-centre/match/17/285023/289273/400021508"
"68","2026-06-27","15:00","Croatia vs Ghana","Philadelphia Stadium (Philadelphia)","NO","NO","https://www.fifa.com/en/match-centre/match/17/285023/289273/400021509"
"69","2026-06-27","20:00","Algeria vs Austria","Kansas City Stadium (Kansas City)","NO","NO","https://www.fifa.com/en/match-centre/match/17/285023/289273/400021497"
"70","2026-06-27","20:00","Jordan vs Argentina","Dallas Stadium (Dallas)","NO","NO","https://www.fifa.com/en/match-centre/match/17/285023/289273/400021495"
"71","2026-06-27","17:30","Colombia vs Portugal","Miami Stadium (Miami)","NO","NO","https://www.fifa.com/en/match-centre/match/17/285023/289273/400021505"
"72","2026-06-27","17:30","Congo DR vs Uzbekistan","Atlanta Stadium (Atlanta)","NO","NO","https://www.fifa.com/en/match-centre/match/17/285023/289273/400021500"
"73","2026-06-28","13:00","South Africa vs Canada","Los Angeles Stadium (Los Angeles)","NO","NO","https://www.fifa.com/en/match-centre/match/17/285023/289287/400021518"
"74","2026-06-29","14:30","Germany vs Paraguay","Boston Stadium (Boston)","NO","NO","https://www.fifa.com/en/match-centre/match/17/285023/289287/400021513"
"75","2026-06-29","19:00","Netherlands vs Morocco","Monterrey Stadium (Monterrey)","NO","SI","https://www.fifa.com/en/match-centre/match/17/285023/289287/400021522"
"76","2026-06-29","11:00","Brazil vs Japan","Houston Stadium (Houston)","NO","NO","https://www.fifa.com/en/match-centre/match/17/285023/289287/400021516"
"77","2026-06-30","15:00","France vs Sweden","New York/New Jersey Stadium (New Jersey)","NO","NO","https://www.fifa.com/en/match-centre/match/17/285023/289287/400021523"
"78","2026-06-30","11:00","Côte d'Ivoire vs Norway","Dallas Stadium (Dallas)","NO","NO","https://www.fifa.com/en/match-centre/match/17/285023/289287/400021514"
"79","2026-06-30","19:00","Mexico vs Ecuador","Mexico City Stadium (Mexico City)","SI","SI","https://www.fifa.com/en/match-centre/match/17/285023/289287/400021520"
"80","2026-07-01","10:00","England vs Congo DR","Atlanta Stadium (Atlanta)","NO","NO","https://www.fifa.com/en/match-centre/match/17/285023/289287/400021512"
"81","2026-07-01","18:00","USA vs Bosnia and Herzegovina","San Francisco Bay Area Stadium (San Francisco Bay Area)","NO","NO","https://www.fifa.com/en/match-centre/match/17/285023/289287/400021524"
"82","2026-07-01","14:00","Belgium vs Senegal","Seattle Stadium (Seattle)","NO","NO","https://www.fifa.com/en/match-centre/match/17/285023/289287/400021525"
"83","2026-07-02","17:00","Portugal vs Croatia","Toronto Stadium (Toronto)","NO","NO","https://www.fifa.com/en/match-centre/match/17/285023/289287/400021526"
"84","2026-07-02","13:00","Spain vs Austria","Los Angeles Stadium (Los Angeles)","NO","NO","https://www.fifa.com/en/match-centre/match/17/285023/289287/400021519"
"85","2026-07-02","21:00","Switzerland vs Algeria","BC Place Vancouver (Vancouver)","NO","NO","https://www.fifa.com/en/match-centre/match/17/285023/289287/400021527"
"86","2026-07-03","16:00","Argentina vs Cabo Verde","Miami Stadium (Miami)","NO","NO","https://www.fifa.com/en/match-centre/match/17/285023/289287/400021521"
"87","2026-07-03","19:30","Colombia vs Ghana","Kansas City Stadium (Kansas City)","NO","NO","https://www.fifa.com/en/match-centre/match/17/285023/289287/400021517"
"88","2026-07-03","12:00","Australia vs Egypt","Dallas Stadium (Dallas)","NO","NO","https://www.fifa.com/en/match-centre/match/17/285023/289287/400021515"
"89","2026-07-04","15:00","Paraguay vs France","Philadelphia Stadium (Philadelphia)","NO","NO","https://www.fifa.com/en/match-centre/match/17/285023/289288/400021533"
"90","2026-07-04","11:00","Canada vs Morocco","Houston Stadium (Houston)","NO","NO","https://www.fifa.com/en/match-centre/match/17/285023/289288/400021530"
"91","2026-07-05","14:00","Brazil vs Norway","New York/New Jersey Stadium (New Jersey)","NO","NO","https://www.fifa.com/en/match-centre/match/17/285023/289288/400021532"
"92","2026-07-05","18:00","Mexico vs England","Mexico City Stadium (Mexico City)","SI","SI","https://www.fifa.com/en/match-centre/match/17/285023/289288/400021531"
"93","2026-07-06","13:00","Portugal vs Spain","Dallas Stadium (Dallas)","NO","NO","https://www.fifa.com/en/match-centre/match/17/285023/289288/400021529"
"94","2026-07-06","18:00","USA vs Belgium","Seattle Stadium (Seattle)","NO","NO","https://www.fifa.com/en/match-centre/match/17/285023/289288/400021534"
"95","2026-07-07","10:00","Argentina vs Egypt","Atlanta Stadium (Atlanta)","NO","NO","https://www.fifa.com/en/match-centre/match/17/285023/289288/400021528"
"96","2026-07-07","14:00","Switzerland vs Colombia","BC Place Vancouver (Vancouver)","NO","NO","https://www.fifa.com/en/match-centre/match/17/285023/289288/400021535"
"97","2026-07-09","14:00","France vs Morocco","Boston Stadium (Boston)","NO","NO","https://www.fifa.com/en/match-centre/match/17/285023/289289/400021536"
"98","2026-07-10","13:00","Spain vs Belgium","Los Angeles Stadium (Los Angeles)","NO","NO","https://www.fifa.com/en/match-centre/match/17/285023/289289/400021538"
"99","2026-07-11","15:00","Norway vs England","Miami Stadium (Miami)","NO","NO","https://www.fifa.com/en/match-centre/match/17/285023/289289/400021539"
"100","2026-07-11","19:00","Argentina vs Switzerland","Kansas City Stadium (Kansas City)","NO","NO","https://www.fifa.com/en/match-centre/match/17/285023/289289/400021537"
"101","2026-07-14","13:00","France vs Spain","Dallas Stadium (Dallas)","NO","NO","https://www.fifa.com/en/match-centre/match/17/285023/289290/400021541"
"102","2026-07-15","13:00","England vs Argentina","Atlanta Stadium (Atlanta)","NO","NO","https://www.fifa.com/en/match-centre/match/17/285023/289290/400021540"
"103","2026-07-18","15:00","France vs England","Miami Stadium (Miami)","NO","NO","https://www.fifa.com/en/match-centre/match/17/285023/289291/400021542"
"104","2026-07-19","13:00","Spain vs Argentina","New York/New Jersey Stadium (New Jersey)","NO","NO","https://www.fifa.com/en/match-centre/match/17/285023/289292/400021543"
