escenario,minimo_referencias,k,puntuacion_minima,clientes_minimos,exceso_minimo,alertas,esperados,sin_base,alertas_horario_distinto,retenidas,nuevas,retiradas,jaccard
Configuración actual,2,1,3.0,10,10,6393,17876,0,5700,6393,0,0,1.0
Puntuación mínima = 2,2,1,2.0,10,10,6671,17598,0,5951,6393,278,0,0.958327
Puntuación mínima = 4,2,1,4.0,10,10,6119,18150,0,5462,6119,0,274,0.957141
Puntuación mínima = 6,2,1,6.0,10,10,5677,18592,0,5081,5677,0,716,0.888003
Clientes mínimos = 25,2,1,3.0,25,10,6031,18238,0,5388,6031,0,362,0.943376
Clientes mínimos = 100,2,1,3.0,100,10,4921,19348,0,4429,4921,0,1472,0.769748
Exceso mínimo = 25,2,1,3.0,10,25,6012,18257,0,5373,6012,0,381,0.940404
Exceso mínimo = 100,2,1,3.0,10,100,4859,19410,0,4372,4859,0,1534,0.76005
Mínimo de 3 referencias,3,1,3.0,10,10,0,0,24269,0,0,0,6393,0.0
"Escenario: 6 referencias, k=3",6,3,3.0,10,10,0,0,24269,0,0,0,6393,0.0
